<assembly>
  <id>bin</id>
  <formats>
    <format>zip</format>
    <format>jar</format>
  </formats>
  <includeBaseDirectory>false</includeBaseDirectory>
  <includeSiteDirectory>false</includeSiteDirectory>
  <dependencySets>
  	<dependencySet>
    	<useTransitiveDependencies>false</useTransitiveDependencies>
   
    	<excludes>
       	 <exclude>*:jar:*</exclude>
     	 </excludes>
       </dependencySet>
  </dependencySets>
  <fileSets>
    <fileSet>
      <directory>${project.build.directory}/${project.build.finalName}</directory>
      <outputDirectory>/</outputDirectory>
      <includes>
        <include>**</include>
      </includes>
    </fileSet>
    <fileSet>
      <directory>war/images</directory>
      <outputDirectory>/images</outputDirectory>
      <includes>
        <include>**</include>
      </includes>
    </fileSet>
    <fileSet>
      <directory>war/css</directory>
      <outputDirectory>/css</outputDirectory>
      <includes>
        <include>**</include>
      </includes>
    </fileSet>
    <fileSet>
      <directory>war/fundtree</directory>
      <outputDirectory>/fundtree</outputDirectory>
      <includes>
        <include>**</include>
      </includes>
    </fileSet>
    <fileSet>
      <directory>war/js</directory>
      <outputDirectory>/js</outputDirectory>
      <includes>
        <include>**</include>
      </includes>
    </fileSet>
  </fileSets>
  
</assembly>
