<?xml version="1.0" encoding="UTF-8"?>
<pluginRegistry xsi:schemaLocation="http://maven.apache.org/PLUGIN_REGISTRY/1.0.0 http://maven.apache.org/xsd/plugin-registry-1.0.0.xsd"
    xmlns="http://maven.apache.org/PLUGIN_REGISTRY/1.0.0"
    xmlns:xsi="http://www.w3.org/2001/XMLSchema-instance">
  <plugins>
    <plugin>
      <groupId>org.codehaus.mojo</groupId>
      <artifactId>webstart-maven-plugin</artifactId>
      <useVersion>1.0-alpha-1</useVersion>
      <rejectedVersions>
        <rejectedVersion>1.0-beta-3</rejectedVersion>
      </rejectedVersions>
    </plugin>
    <plugin>
      <groupId>org.codehaus.mojo</groupId>
      <artifactId>xml-maven-plugin</artifactId>
      <useVersion>1.0</useVersion>
    </plugin>
    <plugin>
      <groupId>org.codehaus.mojo</groupId>
      <artifactId>jaxb2-maven-plugin</artifactId>
      <useVersion>1.3.1</useVersion>
      <rejectedVersions>
        <rejectedVersion>1.5</rejectedVersion>
        <rejectedVersion>1.6</rejectedVersion>
      </rejectedVersions>
    </plugin>
    <plugin>
      <groupId>org.apache.maven.plugins</groupId>
      <artifactId>maven-jarsigner-plugin</artifactId>
      <lastChecked>2012-12-05.19:15:32 +0530</lastChecked>
      <useVersion>1.3-20121203.103059-775</useVersion>
    </plugin>
    <plugin>
      <groupId>org.apache.maven.plugins</groupId>
      <artifactId>maven-eclipse-plugin</artifactId>
      <lastChecked>2012-02-16.17:56:52 -0500</lastChecked>
      <useVersion>2.8</useVersion>
    </plugin>
    <plugin>
      <groupId>org.apache.maven.plugins</groupId>
      <artifactId>maven-help-plugin</artifactId>
      <useVersion>2.2.1-20130421.053654-96</useVersion>
    </plugin>
    <plugin>
      <groupId>com.vitechinc</groupId>
      <artifactId>hibernate-gatherer</artifactId>
      <lastChecked>2015-03-11.03:05:31 -0400</lastChecked>
      <useVersion>2.1</useVersion>
    </plugin>
  </plugins>
</pluginRegistry>
